<?xml version='1.0' encoding='utf-8'?>
<Model Name="Case linear optimum vicinity" PFM_XML_Version="2.0">
  <DecisionMaker Name="Default User" Type="2" Hash="">
    <Comment />
  </DecisionMaker>
  <Alternative Name="RefA1" Type="1">
    <Comment />
  </Alternative>
  <Alternative Name="RefA2" Type="1">
    <Comment />
  </Alternative>
  <Alternative Name="A1" Type="0">
    <Comment />
      </Alternative>
  <Alternative Name="A2" Type="0">
    <Comment />
      </Alternative>
  <Alternative Name="A3" Type="0">
    <Comment />
      </Alternative>
  <Alternative Name="A4" Type="0">
    <Comment />
      </Alternative>
  <Alternative Name="A5" Type="0">
    <Comment />
      </Alternative>
  <Alternative Name="A6" Type="0">
    <Comment />
      </Alternative>
  <Alternative Name="A7" Type="0">
    <Comment />
      </Alternative>
  <Alternative Name="A8" Type="0">
    <Comment />
      </Alternative>
  <Alternative Name="A9" Type="0">
    <Comment />
      </Alternative>
  <Alternative Name="A10" Type="0">
    <Comment />
      </Alternative>
  <Alternative Name="A11" Type="0">
    <Comment />
      </Alternative>
  <Alternative Name="A12" Type="0">
    <Comment />
      </Alternative>
  <Alternative Name="A13" Type="0">
    <Comment />
      </Alternative>
  <Alternative Name="A14" Type="0">
    <Comment />
      </Alternative>
  <Alternative Name="A15" Type="0">
    <Comment />
      </Alternative>
  <Alternative Name="A16" Type="0">
    <Comment />
      </Alternative>
  <Alternative Name="A17" Type="0">
    <Comment />
      </Alternative>
  <Alternative Name="A18" Type="0">
    <Comment />
      </Alternative>
  <Alternative Name="A19" Type="0">
    <Comment />
      </Alternative>
  <Alternative Name="A20" Type="0">
    <Comment />
      </Alternative>
  <Alternative Name="A21" Type="0">
    <Comment />
      </Alternative>
  <Alternative Name="A22" Type="0">
    <Comment />
      </Alternative>
  <Alternative Name="A23" Type="0">
    <Comment />
      </Alternative>
  <Alternative Name="A24" Type="0">
    <Comment />
      </Alternative>
  <Alternative Name="A25" Type="0">
    <Comment />
      </Alternative>
  <Alternative Name="A26" Type="0">
    <Comment />
      </Alternative>
  <Alternative Name="A27" Type="0">
    <Comment />
      </Alternative>
  <Alternative Name="A28" Type="0">
    <Comment />
      </Alternative>
  <Alternative Name="A29" Type="0">
    <Comment />
      </Alternative>
  <Alternative Name="A30" Type="0">
    <Comment />
      </Alternative>
  <Alternative Name="A31" Type="0">
    <Comment />
      </Alternative>
  <Alternative Name="A32" Type="0">
    <Comment />
      </Alternative>
  <Alternative Name="A33" Type="0">
    <Comment />
      </Alternative>
  <Alternative Name="A34" Type="0">
    <Comment />
      </Alternative>
  <Alternative Name="A35" Type="0">
    <Comment />
      </Alternative>
  <Alternative Name="A36" Type="0">
    <Comment />
      </Alternative>
  <Alternative Name="A37" Type="0">
    <Comment />
      </Alternative>
  <Alternative Name="A38" Type="0">
    <Comment />
      </Alternative>
  <Alternative Name="A39" Type="0">
    <Comment />
      </Alternative>
  <Alternative Name="A40" Type="0">
    <Comment />
      </Alternative>
  <Alternative Name="A41" Type="0">
    <Comment />
      </Alternative>
  <Alternative Name="A42" Type="0">
    <Comment />
      </Alternative>
  <Alternative Name="A43" Type="0">
    <Comment />
      </Alternative>
  <Alternative Name="A44" Type="0">
    <Comment />
      </Alternative>
  <Alternative Name="A45" Type="0">
    <Comment />
      </Alternative>
  <Alternative Name="A46" Type="0">
    <Comment />
      </Alternative>
  <Alternative Name="A47" Type="0">
    <Comment />
      </Alternative>
  <Alternative Name="A48" Type="0">
    <Comment />
      </Alternative>
  <Alternative Name="A49" Type="0">
    <Comment />
      </Alternative>
  <Alternative Name="A50" Type="0">
    <Comment />
      </Alternative>
  <Alternative Name="A51" Type="0">
    <Comment />
      </Alternative>
  <Alternative Name="A52" Type="0">
    <Comment />
      </Alternative>
  <Alternative Name="A53" Type="0">
    <Comment />
      </Alternative>
  <Alternative Name="A54" Type="0">
    <Comment />
      </Alternative>
  <Alternative Name="A55" Type="0">
    <Comment />
      </Alternative>
  <Alternative Name="A56" Type="0">
    <Comment />
      </Alternative>
  <Alternative Name="A57" Type="0">
    <Comment />
      </Alternative>
  <Alternative Name="A58" Type="0">
    <Comment />
      </Alternative>
  <Alternative Name="A59" Type="0">
    <Comment />
      </Alternative>
  <Alternative Name="A60" Type="0">
    <Comment />
      </Alternative>
  <Alternative Name="A61" Type="0">
    <Comment />
      </Alternative>
  <Alternative Name="A62" Type="0">
    <Comment />
      </Alternative>
  <Alternative Name="A63" Type="0">
    <Comment />
      </Alternative>
  <Alternative Name="A64" Type="0">
    <Comment />
      </Alternative>
  <Alternative Name="A65" Type="0">
    <Comment />
      </Alternative>
  <Alternative Name="A66" Type="0">
    <Comment />
      </Alternative>
  <Alternative Name="A67" Type="0">
    <Comment />
      </Alternative>
  <Alternative Name="A68" Type="0">
    <Comment />
      </Alternative>
  <Alternative Name="A69" Type="0">
    <Comment />
      </Alternative>
  <Alternative Name="A70" Type="0">
    <Comment />
      </Alternative>
  <Alternative Name="A71" Type="0">
    <Comment />
      </Alternative>
  <Alternative Name="A72" Type="0">
    <Comment />
      </Alternative>
  <Alternative Name="A73" Type="0">
    <Comment />
      </Alternative>
  <Alternative Name="A74" Type="0">
    <Comment />
      </Alternative>
  <Alternative Name="A75" Type="0">
    <Comment />
      </Alternative>
  <Alternative Name="A76" Type="0">
    <Comment />
      </Alternative>
  <Alternative Name="A77" Type="0">
    <Comment />
      </Alternative>
  <Alternative Name="A78" Type="0">
    <Comment />
      </Alternative>
  <Alternative Name="A79" Type="0">
    <Comment />
      </Alternative>
  <Alternative Name="A80" Type="0">
    <Comment />
      </Alternative>
  <Alternative Name="A81" Type="0">
    <Comment />
      </Alternative>
  <Alternative Name="A82" Type="0">
    <Comment />
      </Alternative>
  <Alternative Name="A83" Type="0">
    <Comment />
      </Alternative>
  <Alternative Name="A84" Type="0">
    <Comment />
      </Alternative>
  <Alternative Name="A85" Type="0">
    <Comment />
      </Alternative>
  <Alternative Name="A86" Type="0">
    <Comment />
      </Alternative>
  <Alternative Name="A87" Type="0">
    <Comment />
      </Alternative>
  <Alternative Name="A88" Type="0">
    <Comment />
      </Alternative>
  <Alternative Name="A89" Type="0">
    <Comment />
      </Alternative>
  <Alternative Name="A90" Type="0">
    <Comment />
      </Alternative>
  <Alternative Name="A91" Type="0">
    <Comment />
      </Alternative>
  <Alternative Name="A92" Type="0">
    <Comment />
      </Alternative>
  <Alternative Name="A93" Type="0">
    <Comment />
      </Alternative>
  <Alternative Name="A94" Type="0">
    <Comment />
      </Alternative>
  <Alternative Name="A95" Type="0">
    <Comment />
      </Alternative>
  <Alternative Name="A96" Type="0">
    <Comment />
      </Alternative>
  <Alternative Name="A97" Type="0">
    <Comment />
      </Alternative>
  <Alternative Name="A98" Type="0">
    <Comment />
      </Alternative>
  <Alternative Name="A99" Type="0">
    <Comment />
      </Alternative>
  <Alternative Name="A100" Type="0">
    <Comment />
      </Alternative>
  <Alternative Name="A101" Type="0">
    <Comment />
      </Alternative>
  <Alternative Name="A102" Type="0">
    <Comment />
      </Alternative>
  <Alternative Name="A103" Type="0">
    <Comment />
      </Alternative>
  <Alternative Name="A104" Type="0">
    <Comment />
      </Alternative>
  <Alternative Name="A105" Type="0">
    <Comment />
      </Alternative>
  <Alternative Name="A106" Type="0">
    <Comment />
      </Alternative>
  <Alternative Name="A107" Type="0">
    <Comment />
      </Alternative>
  <Alternative Name="A108" Type="0">
    <Comment />
      </Alternative>
  <Alternative Name="A109" Type="0">
    <Comment />
      </Alternative>
  <Alternative Name="A110" Type="0">
    <Comment />
      </Alternative>
  <Alternative Name="A111" Type="0">
    <Comment />
      </Alternative>
  <Alternative Name="A112" Type="0">
    <Comment />
      </Alternative>
  <Alternative Name="A113" Type="0">
    <Comment />
      </Alternative>
  <Alternative Name="A114" Type="0">
    <Comment />
      </Alternative>
  <Alternative Name="A115" Type="0">
    <Comment />
      </Alternative>
  <Alternative Name="A116" Type="0">
    <Comment />
      </Alternative>
  <Alternative Name="A117" Type="0">
    <Comment />
      </Alternative>
  <Alternative Name="A118" Type="0">
    <Comment />
      </Alternative>
  <Alternative Name="A119" Type="0">
    <Comment />
      </Alternative>
  <Alternative Name="A120" Type="0">
    <Comment />
      </Alternative>
  <Alternative Name="A121" Type="0">
    <Comment />
      </Alternative>
  <Alternative Name="A122" Type="0">
    <Comment />
      </Alternative>
  <Alternative Name="A123" Type="0">
    <Comment />
      </Alternative>
  <Alternative Name="A124" Type="0">
    <Comment />
      </Alternative>
  <Alternative Name="A125" Type="0">
    <Comment />
      </Alternative>
  <Alternative Name="A126" Type="0">
    <Comment />
      </Alternative>
  <Alternative Name="A127" Type="0">
    <Comment />
      </Alternative>
  <Alternative Name="A128" Type="0">
    <Comment />
      </Alternative>
  <Alternative Name="A129" Type="0">
    <Comment />
      </Alternative>
  <Alternative Name="A130" Type="0">
    <Comment />
      </Alternative>
  <Alternative Name="A131" Type="0">
    <Comment />
      </Alternative>
  <Alternative Name="A132" Type="0">
    <Comment />
      </Alternative>
  <Alternative Name="A133" Type="0">
    <Comment />
      </Alternative>
  <Alternative Name="A134" Type="0">
    <Comment />
      </Alternative>
  <Alternative Name="A135" Type="0">
    <Comment />
      </Alternative>
  <Alternative Name="A136" Type="0">
    <Comment />
      </Alternative>
  <Alternative Name="A137" Type="0">
    <Comment />
      </Alternative>
  <Alternative Name="A138" Type="0">
    <Comment />
      </Alternative>
  <Alternative Name="A139" Type="0">
    <Comment />
      </Alternative>
  <Alternative Name="A140" Type="0">
    <Comment />
      </Alternative>
  <Alternative Name="A141" Type="0">
    <Comment />
      </Alternative>
  <Alternative Name="A142" Type="0">
    <Comment />
      </Alternative>
  <Alternative Name="A143" Type="0">
    <Comment />
      </Alternative>
  <Alternative Name="A144" Type="0">
    <Comment />
      </Alternative>
  <Alternative Name="A145" Type="0">
    <Comment />
      </Alternative>
  <Alternative Name="A146" Type="0">
    <Comment />
      </Alternative>
  <Alternative Name="A147" Type="0">
    <Comment />
      </Alternative>
  <Alternative Name="A148" Type="0">
    <Comment />
      </Alternative>
  <Alternative Name="A149" Type="0">
    <Comment />
      </Alternative>
  <Alternative Name="A150" Type="0">
    <Comment />
      </Alternative>
  <Alternative Name="A151" Type="0">
    <Comment />
      </Alternative>
  <Alternative Name="A152" Type="0">
    <Comment />
      </Alternative>
  <Alternative Name="A153" Type="0">
    <Comment />
      </Alternative>
  <Alternative Name="A154" Type="0">
    <Comment />
      </Alternative>
  <Alternative Name="A155" Type="0">
    <Comment />
      </Alternative>
  <Alternative Name="A156" Type="0">
    <Comment />
      </Alternative>
  <Alternative Name="A157" Type="0">
    <Comment />
      </Alternative>
  <Alternative Name="A158" Type="0">
    <Comment />
      </Alternative>
  <Alternative Name="A159" Type="0">
    <Comment />
      </Alternative>
  <Alternative Name="A160" Type="0">
    <Comment />
      </Alternative>
  <Alternative Name="A161" Type="0">
    <Comment />
      </Alternative>
  <Alternative Name="A162" Type="0">
    <Comment />
      </Alternative>
  <Alternative Name="A163" Type="0">
    <Comment />
      </Alternative>
  <Alternative Name="A164" Type="0">
    <Comment />
      </Alternative>
  <Alternative Name="A165" Type="0">
    <Comment />
      </Alternative>
  <Alternative Name="A166" Type="0">
    <Comment />
      </Alternative>
  <Alternative Name="A167" Type="0">
    <Comment />
      </Alternative>
  <Alternative Name="A168" Type="0">
    <Comment />
      </Alternative>
  <Alternative Name="A169" Type="0">
    <Comment />
      </Alternative>
  <Alternative Name="A170" Type="0">
    <Comment />
      </Alternative>
  <Alternative Name="A171" Type="0">
    <Comment />
      </Alternative>
  <Alternative Name="A172" Type="0">
    <Comment />
      </Alternative>
  <Alternative Name="A173" Type="0">
    <Comment />
      </Alternative>
  <Alternative Name="A174" Type="0">
    <Comment />
      </Alternative>
  <Alternative Name="A175" Type="0">
    <Comment />
      </Alternative>
  <Alternative Name="A176" Type="0">
    <Comment />
      </Alternative>
  <Alternative Name="A177" Type="0">
    <Comment />
      </Alternative>
  <Alternative Name="A178" Type="0">
    <Comment />
      </Alternative>
  <Alternative Name="A179" Type="0">
    <Comment />
      </Alternative>
  <Alternative Name="A180" Type="0">
    <Comment />
      </Alternative>
  <Alternative Name="A181" Type="0">
    <Comment />
      </Alternative>
  <Alternative Name="A182" Type="0">
    <Comment />
      </Alternative>
  <Alternative Name="A183" Type="0">
    <Comment />
      </Alternative>
  <Alternative Name="A184" Type="0">
    <Comment />
      </Alternative>
  <Alternative Name="A185" Type="0">
    <Comment />
      </Alternative>
  <Alternative Name="A186" Type="0">
    <Comment />
      </Alternative>
  <Alternative Name="A187" Type="0">
    <Comment />
      </Alternative>
  <Alternative Name="A188" Type="0">
    <Comment />
      </Alternative>
  <Alternative Name="A189" Type="0">
    <Comment />
      </Alternative>
  <Alternative Name="A190" Type="0">
    <Comment />
      </Alternative>
  <Alternative Name="A191" Type="0">
    <Comment />
      </Alternative>
  <Alternative Name="A192" Type="0">
    <Comment />
      </Alternative>
  <Alternative Name="A193" Type="0">
    <Comment />
      </Alternative>
  <Alternative Name="A194" Type="0">
    <Comment />
      </Alternative>
  <Alternative Name="A195" Type="0">
    <Comment />
      </Alternative>
  <Alternative Name="A196" Type="0">
    <Comment />
      </Alternative>
  <Alternative Name="A197" Type="0">
    <Comment />
      </Alternative>
  <Alternative Name="A198" Type="0">
    <Comment />
      </Alternative>
  <Alternative Name="A199" Type="0">
    <Comment />
      </Alternative>
  <Alternative Name="A200" Type="0">
    <Comment />
      </Alternative>
  <Alternative Name="A201" Type="0">
    <Comment />
      </Alternative>
  <Alternative Name="A202" Type="0">
    <Comment />
      </Alternative>
  <Alternative Name="A203" Type="0">
    <Comment />
      </Alternative>
  <Alternative Name="A204" Type="0">
    <Comment />
      </Alternative>
  <Alternative Name="A205" Type="0">
    <Comment />
      </Alternative>
  <Alternative Name="A206" Type="0">
    <Comment />
      </Alternative>
  <Alternative Name="A207" Type="0">
    <Comment />
      </Alternative>
  <Alternative Name="A208" Type="0">
    <Comment />
      </Alternative>
  <Alternative Name="A209" Type="0">
    <Comment />
      </Alternative>
  <Alternative Name="A210" Type="0">
    <Comment />
      </Alternative>
  <Alternative Name="A211" Type="0">
    <Comment />
      </Alternative>
  <Alternative Name="A212" Type="0">
    <Comment />
      </Alternative>
  <Alternative Name="A213" Type="0">
    <Comment />
      </Alternative>
  <Alternative Name="A214" Type="0">
    <Comment />
      </Alternative>
  <Alternative Name="A215" Type="0">
    <Comment />
      </Alternative>
  <Alternative Name="A216" Type="0">
    <Comment />
      </Alternative>
  <Alternative Name="A217" Type="0">
    <Comment />
      </Alternative>
  <Alternative Name="A218" Type="0">
    <Comment />
      </Alternative>
  <Alternative Name="A219" Type="0">
    <Comment />
      </Alternative>
  <Alternative Name="A220" Type="0">
    <Comment />
      </Alternative>
  <Alternative Name="A221" Type="0">
    <Comment />
      </Alternative>
  <Alternative Name="A222" Type="0">
    <Comment />
      </Alternative>
  <Alternative Name="A223" Type="0">
    <Comment />
      </Alternative>
  <Alternative Name="A224" Type="0">
    <Comment />
      </Alternative>
  <Alternative Name="A225" Type="0">
    <Comment />
      </Alternative>
  <Alternative Name="A226" Type="0">
    <Comment />
      </Alternative>
  <Alternative Name="A227" Type="0">
    <Comment />
      </Alternative>
  <Alternative Name="A228" Type="0">
    <Comment />
      </Alternative>
  <Alternative Name="A229" Type="0">
    <Comment />
      </Alternative>
  <Alternative Name="A230" Type="0">
    <Comment />
      </Alternative>
  <Alternative Name="A231" Type="0">
    <Comment />
      </Alternative>
  <Alternative Name="A232" Type="0">
    <Comment />
      </Alternative>
  <Alternative Name="A233" Type="0">
    <Comment />
      </Alternative>
  <Alternative Name="A234" Type="0">
    <Comment />
      </Alternative>
  <Alternative Name="A235" Type="0">
    <Comment />
      </Alternative>
  <Alternative Name="A236" Type="0">
    <Comment />
      </Alternative>
  <Alternative Name="A237" Type="0">
    <Comment />
      </Alternative>
  <Alternative Name="A238" Type="0">
    <Comment />
      </Alternative>
  <Alternative Name="A239" Type="0">
    <Comment />
      </Alternative>
  <Alternative Name="A240" Type="0">
    <Comment />
      </Alternative>
  <Alternative Name="A241" Type="0">
    <Comment />
      </Alternative>
  <Alternative Name="A242" Type="0">
    <Comment />
      </Alternative>
  <Alternative Name="A243" Type="0">
    <Comment />
      </Alternative>
  <Alternative Name="A244" Type="0">
    <Comment />
      </Alternative>
  <Alternative Name="A245" Type="0">
    <Comment />
      </Alternative>
  <Alternative Name="A246" Type="0">
    <Comment />
      </Alternative>
  <Alternative Name="A247" Type="0">
    <Comment />
      </Alternative>
  <Alternative Name="A248" Type="0">
    <Comment />
      </Alternative>
  <Alternative Name="A249" Type="0">
    <Comment />
      </Alternative>
  <Alternative Name="A250" Type="0">
    <Comment />
      </Alternative>
  <Alternative Name="A251" Type="0">
    <Comment />
      </Alternative>
  <Alternative Name="A252" Type="0">
    <Comment />
      </Alternative>
  <Alternative Name="A253" Type="0">
    <Comment />
      </Alternative>
  <Alternative Name="A254" Type="0">
    <Comment />
      </Alternative>
  <Alternative Name="A255" Type="0">
    <Comment />
      </Alternative>
  <Alternative Name="A256" Type="0">
    <Comment />
      </Alternative>
  <Alternative Name="A257" Type="0">
    <Comment />
      </Alternative>
  <Alternative Name="A258" Type="0">
    <Comment />
      </Alternative>
  <Alternative Name="A259" Type="0">
    <Comment />
      </Alternative>
  <Alternative Name="A260" Type="0">
    <Comment />
      </Alternative>
  <Alternative Name="A261" Type="0">
    <Comment />
      </Alternative>
  <Alternative Name="A262" Type="0">
    <Comment />
      </Alternative>
  <Alternative Name="A263" Type="0">
    <Comment />
      </Alternative>
  <Alternative Name="A264" Type="0">
    <Comment />
      </Alternative>
  <Alternative Name="A265" Type="0">
    <Comment />
      </Alternative>
  <Alternative Name="A266" Type="0">
    <Comment />
      </Alternative>
  <Alternative Name="A267" Type="0">
    <Comment />
      </Alternative>
  <Alternative Name="A268" Type="0">
    <Comment />
      </Alternative>
  <Alternative Name="A269" Type="0">
    <Comment />
      </Alternative>
  <Alternative Name="A270" Type="0">
    <Comment />
      </Alternative>
  <Alternative Name="A271" Type="0">
    <Comment />
      </Alternative>
  <Alternative Name="A272" Type="0">
    <Comment />
      </Alternative>
  <Alternative Name="A273" Type="0">
    <Comment />
      </Alternative>
  <Alternative Name="A274" Type="0">
    <Comment />
      </Alternative>
  <Alternative Name="A275" Type="0">
    <Comment />
      </Alternative>
  <Alternative Name="A276" Type="0">
    <Comment />
      </Alternative>
  <Alternative Name="A277" Type="0">
    <Comment />
      </Alternative>
  <Alternative Name="A278" Type="0">
    <Comment />
      </Alternative>
  <Alternative Name="A279" Type="0">
    <Comment />
      </Alternative>
  <Alternative Name="A280" Type="0">
    <Comment />
      </Alternative>
  <Alternative Name="A281" Type="0">
    <Comment />
      </Alternative>
  <Alternative Name="A282" Type="0">
    <Comment />
      </Alternative>
  <Alternative Name="A283" Type="0">
    <Comment />
      </Alternative>
  <Alternative Name="A284" Type="0">
    <Comment />
      </Alternative>
  <Alternative Name="A285" Type="0">
    <Comment />
      </Alternative>
  <Alternative Name="A286" Type="0">
    <Comment />
      </Alternative>
  <Alternative Name="A287" Type="0">
    <Comment />
      </Alternative>
  <Alternative Name="A288" Type="0">
    <Comment />
      </Alternative>
  <Alternative Name="A289" Type="0">
    <Comment />
      </Alternative>
  <Alternative Name="A290" Type="0">
    <Comment />
      </Alternative>
  <Alternative Name="A291" Type="0">
    <Comment />
      </Alternative>
  <Alternative Name="A292" Type="0">
    <Comment />
      </Alternative>
  <Alternative Name="A293" Type="0">
    <Comment />
      </Alternative>
  <Alternative Name="A294" Type="0">
    <Comment />
      </Alternative>
  <Alternative Name="A295" Type="0">
    <Comment />
      </Alternative>
  <Alternative Name="A296" Type="0">
    <Comment />
      </Alternative>
  <Alternative Name="A297" Type="0">
    <Comment />
      </Alternative>
  <Alternative Name="A298" Type="0">
    <Comment />
      </Alternative>
  <Alternative Name="A299" Type="0">
    <Comment />
      </Alternative>
  <Alternative Name="A300" Type="0">
    <Comment />
      </Alternative>
  <Alternative Name="A301" Type="0">
    <Comment />
      </Alternative>
  <Alternative Name="A302" Type="0">
    <Comment />
      </Alternative>
  <Alternative Name="A303" Type="0">
    <Comment />
      </Alternative>
  <Alternative Name="A304" Type="0">
    <Comment />
      </Alternative>
  <Alternative Name="A305" Type="0">
    <Comment />
      </Alternative>
  <Alternative Name="A306" Type="0">
    <Comment />
      </Alternative>
  <Alternative Name="A307" Type="0">
    <Comment />
      </Alternative>
  <Alternative Name="A308" Type="0">
    <Comment />
      </Alternative>
  <Alternative Name="A309" Type="0">
    <Comment />
      </Alternative>
  <Alternative Name="A310" Type="0">
    <Comment />
      </Alternative>
  <Alternative Name="A311" Type="0">
    <Comment />
      </Alternative>
  <Alternative Name="A312" Type="0">
    <Comment />
      </Alternative>
  <Alternative Name="A313" Type="0">
    <Comment />
      </Alternative>
  <Alternative Name="A314" Type="0">
    <Comment />
      </Alternative>
  <Alternative Name="A315" Type="0">
    <Comment />
      </Alternative>
  <Alternative Name="A316" Type="0">
    <Comment />
      </Alternative>
  <Alternative Name="A317" Type="0">
    <Comment />
      </Alternative>
  <Alternative Name="A318" Type="0">
    <Comment />
      </Alternative>
  <Alternative Name="A319" Type="0">
    <Comment />
      </Alternative>
  <Alternative Name="A320" Type="0">
    <Comment />
      </Alternative>
  <Alternative Name="A321" Type="0">
    <Comment />
      </Alternative>
  <Alternative Name="A322" Type="0">
    <Comment />
      </Alternative>
  <Alternative Name="A323" Type="0">
    <Comment />
      </Alternative>
  <Alternative Name="A324" Type="0">
    <Comment />
      </Alternative>
  <Alternative Name="A325" Type="0">
    <Comment />
      </Alternative>
  <Alternative Name="A326" Type="0">
    <Comment />
      </Alternative>
  <Alternative Name="A327" Type="0">
    <Comment />
      </Alternative>
  <Alternative Name="A328" Type="0">
    <Comment />
      </Alternative>
  <Alternative Name="A329" Type="0">
    <Comment />
      </Alternative>
  <Alternative Name="A330" Type="0">
    <Comment />
      </Alternative>
  <Alternative Name="A331" Type="0">
    <Comment />
      </Alternative>
  <Alternative Name="A332" Type="0">
    <Comment />
      </Alternative>
  <Alternative Name="A333" Type="0">
    <Comment />
      </Alternative>
  <Alternative Name="A334" Type="0">
    <Comment />
      </Alternative>
  <Alternative Name="A335" Type="0">
    <Comment />
      </Alternative>
  <Alternative Name="A336" Type="0">
    <Comment />
      </Alternative>
  <Alternative Name="A337" Type="0">
    <Comment />
      </Alternative>
  <Alternative Name="A338" Type="0">
    <Comment />
      </Alternative>
  <Alternative Name="A339" Type="0">
    <Comment />
      </Alternative>
  <Alternative Name="A340" Type="0">
    <Comment />
      </Alternative>
  <Alternative Name="A341" Type="0">
    <Comment />
      </Alternative>
  <Alternative Name="A342" Type="0">
    <Comment />
      </Alternative>
  <Alternative Name="A343" Type="0">
    <Comment />
      </Alternative>
  <Alternative Name="A344" Type="0">
    <Comment />
      </Alternative>
  <Alternative Name="A345" Type="0">
    <Comment />
      </Alternative>
  <Alternative Name="A346" Type="0">
    <Comment />
      </Alternative>
  <Alternative Name="A347" Type="0">
    <Comment />
      </Alternative>
  <Alternative Name="A348" Type="0">
    <Comment />
      </Alternative>
  <Alternative Name="A349" Type="0">
    <Comment />
      </Alternative>
  <Alternative Name="A350" Type="0">
    <Comment />
      </Alternative>
  <Criterion Name="Criteria" IsPreferenceIncreasing="1">
    <Comment />
    <Criterion Name="C1" IsPreferenceIncreasing="1">
      <Comment />
      <Measurement Name="Ratings" Type="0" DecisionMaker="Default User" SubType="0">
        <Comment />
      <RulerValue Name="A1" Value="44.16812582359011" />
        <RulerValue Name="A2" Value="44.16812582359011" />
        <RulerValue Name="A3" Value="44.16812582359011" />
        <RulerValue Name="A4" Value="44.16812582359011" />
        <RulerValue Name="A5" Value="44.16812582359011" />
        <RulerValue Name="A6" Value="44.16812582359011" />
        <RulerValue Name="A7" Value="44.16812582359011" />
        <RulerValue Name="A8" Value="44.16812582359011" />
        <RulerValue Name="A9" Value="44.16812582359011" />
        <RulerValue Name="A10" Value="44.16812582359011" />
        <RulerValue Name="A11" Value="44.16812582359011" />
        <RulerValue Name="A12" Value="44.16812582359011" />
        <RulerValue Name="A13" Value="44.16812582359011" />
        <RulerValue Name="A14" Value="44.16812582359011" />
        <RulerValue Name="A15" Value="44.16812582359011" />
        <RulerValue Name="A16" Value="44.16812582359011" />
        <RulerValue Name="A17" Value="44.16812582359011" />
        <RulerValue Name="A18" Value="44.16812582359011" />
        <RulerValue Name="A19" Value="44.16812582359011" />
        <RulerValue Name="A20" Value="44.16812582359011" />
        <RulerValue Name="A21" Value="44.16812582359011" />
        <RulerValue Name="A22" Value="44.16812582359011" />
        <RulerValue Name="A23" Value="44.16812582359011" />
        <RulerValue Name="A24" Value="44.16812582359011" />
        <RulerValue Name="A25" Value="44.16812582359011" />
        <RulerValue Name="A26" Value="44.16812582359011" />
        <RulerValue Name="A27" Value="44.16812582359011" />
        <RulerValue Name="A28" Value="44.16812582359011" />
        <RulerValue Name="A29" Value="44.16812582359011" />
        <RulerValue Name="A30" Value="44.16812582359011" />
        <RulerValue Name="A31" Value="44.16812582359011" />
        <RulerValue Name="A32" Value="44.16812582359011" />
        <RulerValue Name="A33" Value="44.16812582359011" />
        <RulerValue Name="A34" Value="44.16812582359011" />
        <RulerValue Name="A35" Value="44.16812582359011" />
        <RulerValue Name="A36" Value="44.16812582359011" />
        <RulerValue Name="A37" Value="44.16812582359011" />
        <RulerValue Name="A38" Value="44.16812582359011" />
        <RulerValue Name="A39" Value="44.16812582359011" />
        <RulerValue Name="A40" Value="44.16812582359011" />
        <RulerValue Name="A41" Value="44.16812582359011" />
        <RulerValue Name="A42" Value="44.16812582359011" />
        <RulerValue Name="A43" Value="44.16812582359011" />
        <RulerValue Name="A44" Value="44.16812582359011" />
        <RulerValue Name="A45" Value="44.16812582359011" />
        <RulerValue Name="A46" Value="44.16812582359011" />
        <RulerValue Name="A47" Value="44.16812582359011" />
        <RulerValue Name="A48" Value="44.16812582359011" />
        <RulerValue Name="A49" Value="44.16812582359011" />
        <RulerValue Name="A50" Value="44.16812582359011" />
        <RulerValue Name="A51" Value="44.16812582359011" />
        <RulerValue Name="A52" Value="44.16812582359011" />
        <RulerValue Name="A53" Value="44.16812582359011" />
        <RulerValue Name="A54" Value="44.16812582359011" />
        <RulerValue Name="A55" Value="44.16812582359011" />
        <RulerValue Name="A56" Value="44.16812582359011" />
        <RulerValue Name="A57" Value="44.16812582359011" />
        <RulerValue Name="A58" Value="44.16812582359011" />
        <RulerValue Name="A59" Value="44.16812582359011" />
        <RulerValue Name="A60" Value="44.16812582359011" />
        <RulerValue Name="A61" Value="44.16812582359011" />
        <RulerValue Name="A62" Value="44.16812582359011" />
        <RulerValue Name="A63" Value="44.16812582359011" />
        <RulerValue Name="A64" Value="44.16812582359011" />
        <RulerValue Name="A65" Value="44.16812582359011" />
        <RulerValue Name="A66" Value="44.16812582359011" />
        <RulerValue Name="A67" Value="44.16812582359011" />
        <RulerValue Name="A68" Value="44.16812582359011" />
        <RulerValue Name="A69" Value="44.16812582359011" />
        <RulerValue Name="A70" Value="44.16812582359011" />
        <RulerValue Name="A71" Value="44.16812582359011" />
        <RulerValue Name="A72" Value="44.16812582359011" />
        <RulerValue Name="A73" Value="44.16812582359011" />
        <RulerValue Name="A74" Value="44.16812582359011" />
        <RulerValue Name="A75" Value="44.16812582359011" />
        <RulerValue Name="A76" Value="44.16812582359011" />
        <RulerValue Name="A77" Value="44.16812582359011" />
        <RulerValue Name="A78" Value="44.16812582359011" />
        <RulerValue Name="A79" Value="44.16812582359011" />
        <RulerValue Name="A80" Value="44.16812582359011" />
        <RulerValue Name="A81" Value="44.16812582359011" />
        <RulerValue Name="A82" Value="44.16812582359011" />
        <RulerValue Name="A83" Value="44.16812582359011" />
        <RulerValue Name="A84" Value="44.16812582359011" />
        <RulerValue Name="A85" Value="44.16812582359011" />
        <RulerValue Name="A86" Value="44.16812582359011" />
        <RulerValue Name="A87" Value="44.16812582359011" />
        <RulerValue Name="A88" Value="44.16812582359011" />
        <RulerValue Name="A89" Value="44.16812582359011" />
        <RulerValue Name="A90" Value="44.16812582359011" />
        <RulerValue Name="A91" Value="44.16812582359011" />
        <RulerValue Name="A92" Value="44.16812582359011" />
        <RulerValue Name="A93" Value="44.16812582359011" />
        <RulerValue Name="A94" Value="44.16812582359011" />
        <RulerValue Name="A95" Value="44.16812582359011" />
        <RulerValue Name="A96" Value="44.16812582359011" />
        <RulerValue Name="A97" Value="44.16812582359011" />
        <RulerValue Name="A98" Value="44.16812582359011" />
        <RulerValue Name="A99" Value="44.16812582359011" />
        <RulerValue Name="A100" Value="44.16812582359011" />
        <RulerValue Name="A101" Value="44.16812582359011" />
        <RulerValue Name="A102" Value="44.16812582359011" />
        <RulerValue Name="A103" Value="44.16812582359011" />
        <RulerValue Name="A104" Value="44.16812582359011" />
        <RulerValue Name="A105" Value="44.16812582359011" />
        <RulerValue Name="A106" Value="44.16812582359011" />
        <RulerValue Name="A107" Value="44.16812582359011" />
        <RulerValue Name="A108" Value="44.16812582359011" />
        <RulerValue Name="A109" Value="44.16812582359011" />
        <RulerValue Name="A110" Value="44.16812582359011" />
        <RulerValue Name="A111" Value="44.16812582359011" />
        <RulerValue Name="A112" Value="44.16812582359011" />
        <RulerValue Name="A113" Value="44.16812582359011" />
        <RulerValue Name="A114" Value="44.16812582359011" />
        <RulerValue Name="A115" Value="44.16812582359011" />
        <RulerValue Name="A116" Value="44.16812582359011" />
        <RulerValue Name="A117" Value="44.16812582359011" />
        <RulerValue Name="A118" Value="44.16812582359011" />
        <RulerValue Name="A119" Value="44.16812582359011" />
        <RulerValue Name="A120" Value="44.16812582359011" />
        <RulerValue Name="A121" Value="44.16812582359011" />
        <RulerValue Name="A122" Value="44.16812582359011" />
        <RulerValue Name="A123" Value="44.16812582359011" />
        <RulerValue Name="A124" Value="44.16812582359011" />
        <RulerValue Name="A125" Value="44.16812582359011" />
        <RulerValue Name="A126" Value="44.16812582359011" />
        <RulerValue Name="A127" Value="44.16812582359011" />
        <RulerValue Name="A128" Value="44.16812582359011" />
        <RulerValue Name="A129" Value="44.16812582359011" />
        <RulerValue Name="A130" Value="44.16812582359011" />
        <RulerValue Name="A131" Value="44.16812582359011" />
        <RulerValue Name="A132" Value="44.16812582359011" />
        <RulerValue Name="A133" Value="44.16812582359011" />
        <RulerValue Name="A134" Value="44.16812582359011" />
        <RulerValue Name="A135" Value="44.16812582359011" />
        <RulerValue Name="A136" Value="44.16812582359011" />
        <RulerValue Name="A137" Value="44.16812582359011" />
        <RulerValue Name="A138" Value="44.16812582359011" />
        <RulerValue Name="A139" Value="44.16812582359011" />
        <RulerValue Name="A140" Value="44.16812582359011" />
        <RulerValue Name="A141" Value="44.16812582359011" />
        <RulerValue Name="A142" Value="44.16812582359011" />
        <RulerValue Name="A143" Value="44.16812582359011" />
        <RulerValue Name="A144" Value="44.16812582359011" />
        <RulerValue Name="A145" Value="44.16812582359011" />
        <RulerValue Name="A146" Value="44.16812582359011" />
        <RulerValue Name="A147" Value="44.16812582359011" />
        <RulerValue Name="A148" Value="44.16812582359011" />
        <RulerValue Name="A149" Value="44.16812582359011" />
        <RulerValue Name="A150" Value="44.16812582359011" />
        <RulerValue Name="A151" Value="44.16812582359011" />
        <RulerValue Name="A152" Value="44.16812582359011" />
        <RulerValue Name="A153" Value="44.16812582359011" />
        <RulerValue Name="A154" Value="44.16812582359011" />
        <RulerValue Name="A155" Value="44.16812582359011" />
        <RulerValue Name="A156" Value="44.16812582359011" />
        <RulerValue Name="A157" Value="44.16812582359011" />
        <RulerValue Name="A158" Value="44.16812582359011" />
        <RulerValue Name="A159" Value="44.16812582359011" />
        <RulerValue Name="A160" Value="44.16812582359011" />
        <RulerValue Name="A161" Value="44.16812582359011" />
        <RulerValue Name="A162" Value="44.16812582359011" />
        <RulerValue Name="A163" Value="44.16812582359011" />
        <RulerValue Name="A164" Value="44.16812582359011" />
        <RulerValue Name="A165" Value="44.16812582359011" />
        <RulerValue Name="A166" Value="44.16812582359011" />
        <RulerValue Name="A167" Value="44.16812582359011" />
        <RulerValue Name="A168" Value="44.16812582359011" />
        <RulerValue Name="A169" Value="44.16812582359011" />
        <RulerValue Name="A170" Value="44.16812582359011" />
        <RulerValue Name="A171" Value="44.16812582359011" />
        <RulerValue Name="A172" Value="44.16812582359011" />
        <RulerValue Name="A173" Value="44.16812582359011" />
        <RulerValue Name="A174" Value="44.16812582359011" />
        <RulerValue Name="A175" Value="44.16812582359011" />
        <RulerValue Name="A176" Value="44.16812582359011" />
        <RulerValue Name="A177" Value="44.16812582359011" />
        <RulerValue Name="A178" Value="44.16812582359011" />
        <RulerValue Name="A179" Value="44.16812582359011" />
        <RulerValue Name="A180" Value="44.16812582359011" />
        <RulerValue Name="A181" Value="44.16812582359011" />
        <RulerValue Name="A182" Value="44.16812582359011" />
        <RulerValue Name="A183" Value="44.16812582359011" />
        <RulerValue Name="A184" Value="44.16812582359011" />
        <RulerValue Name="A185" Value="44.16812582359011" />
        <RulerValue Name="A186" Value="44.16812582359011" />
        <RulerValue Name="A187" Value="44.16812582359011" />
        <RulerValue Name="A188" Value="44.16812582359011" />
        <RulerValue Name="A189" Value="44.16812582359011" />
        <RulerValue Name="A190" Value="44.16812582359011" />
        <RulerValue Name="A191" Value="44.16812582359011" />
        <RulerValue Name="A192" Value="44.16812582359011" />
        <RulerValue Name="A193" Value="44.16812582359011" />
        <RulerValue Name="A194" Value="44.16812582359011" />
        <RulerValue Name="A195" Value="44.16812582359011" />
        <RulerValue Name="A196" Value="44.16812582359011" />
        <RulerValue Name="A197" Value="44.16812582359011" />
        <RulerValue Name="A198" Value="44.16812582359011" />
        <RulerValue Name="A199" Value="44.16812582359011" />
        <RulerValue Name="A200" Value="44.16812582359011" />
        <RulerValue Name="A201" Value="44.16812582359011" />
        <RulerValue Name="A202" Value="44.16812582359011" />
        <RulerValue Name="A203" Value="44.16812582359011" />
        <RulerValue Name="A204" Value="44.16812582359011" />
        <RulerValue Name="A205" Value="44.16812582359011" />
        <RulerValue Name="A206" Value="44.16812582359011" />
        <RulerValue Name="A207" Value="44.16812582359011" />
        <RulerValue Name="A208" Value="44.16812582359011" />
        <RulerValue Name="A209" Value="44.16812582359011" />
        <RulerValue Name="A210" Value="44.16812582359011" />
        <RulerValue Name="A211" Value="44.16812582359011" />
        <RulerValue Name="A212" Value="44.16812582359011" />
        <RulerValue Name="A213" Value="44.16812582359011" />
        <RulerValue Name="A214" Value="44.16812582359011" />
        <RulerValue Name="A215" Value="44.16812582359011" />
        <RulerValue Name="A216" Value="44.16812582359011" />
        <RulerValue Name="A217" Value="44.16812582359011" />
        <RulerValue Name="A218" Value="44.16812582359011" />
        <RulerValue Name="A219" Value="44.16812582359011" />
        <RulerValue Name="A220" Value="44.16812582359011" />
        <RulerValue Name="A221" Value="44.16812582359011" />
        <RulerValue Name="A222" Value="44.16812582359011" />
        <RulerValue Name="A223" Value="44.16812582359011" />
        <RulerValue Name="A224" Value="44.16812582359011" />
        <RulerValue Name="A225" Value="44.16812582359011" />
        <RulerValue Name="A226" Value="44.16812582359011" />
        <RulerValue Name="A227" Value="44.16812582359011" />
        <RulerValue Name="A228" Value="44.16812582359011" />
        <RulerValue Name="A229" Value="44.16812582359011" />
        <RulerValue Name="A230" Value="44.16812582359011" />
        <RulerValue Name="A231" Value="44.16812582359011" />
        <RulerValue Name="A232" Value="44.16812582359011" />
        <RulerValue Name="A233" Value="44.16812582359011" />
        <RulerValue Name="A234" Value="44.16812582359011" />
        <RulerValue Name="A235" Value="44.16812582359011" />
        <RulerValue Name="A236" Value="44.16812582359011" />
        <RulerValue Name="A237" Value="44.16812582359011" />
        <RulerValue Name="A238" Value="44.16812582359011" />
        <RulerValue Name="A239" Value="44.16812582359011" />
        <RulerValue Name="A240" Value="44.16812582359011" />
        <RulerValue Name="A241" Value="44.16812582359011" />
        <RulerValue Name="A242" Value="44.16812582359011" />
        <RulerValue Name="A243" Value="44.16812582359011" />
        <RulerValue Name="A244" Value="44.16812582359011" />
        <RulerValue Name="A245" Value="44.16812582359011" />
        <RulerValue Name="A246" Value="44.16812582359011" />
        <RulerValue Name="A247" Value="44.16812582359011" />
        <RulerValue Name="A248" Value="44.16812582359011" />
        <RulerValue Name="A249" Value="44.16812582359011" />
        <RulerValue Name="A250" Value="44.16812582359011" />
        <RulerValue Name="A251" Value="44.16812582359011" />
        <RulerValue Name="A252" Value="44.16812582359011" />
        <RulerValue Name="A253" Value="44.16812582359011" />
        <RulerValue Name="A254" Value="44.16812582359011" />
        <RulerValue Name="A255" Value="44.16812582359011" />
        <RulerValue Name="A256" Value="44.16812582359011" />
        <RulerValue Name="A257" Value="44.16812582359011" />
        <RulerValue Name="A258" Value="44.16812582359011" />
        <RulerValue Name="A259" Value="44.16812582359011" />
        <RulerValue Name="A260" Value="44.16812582359011" />
        <RulerValue Name="A261" Value="44.16812582359011" />
        <RulerValue Name="A262" Value="44.16812582359011" />
        <RulerValue Name="A263" Value="44.16812582359011" />
        <RulerValue Name="A264" Value="44.16812582359011" />
        <RulerValue Name="A265" Value="44.16812582359011" />
        <RulerValue Name="A266" Value="44.16812582359011" />
        <RulerValue Name="A267" Value="44.16812582359011" />
        <RulerValue Name="A268" Value="44.16812582359011" />
        <RulerValue Name="A269" Value="44.16812582359011" />
        <RulerValue Name="A270" Value="44.16812582359011" />
        <RulerValue Name="A271" Value="44.16812582359011" />
        <RulerValue Name="A272" Value="44.16812582359011" />
        <RulerValue Name="A273" Value="44.16812582359011" />
        <RulerValue Name="A274" Value="44.16812582359011" />
        <RulerValue Name="A275" Value="44.16812582359011" />
        <RulerValue Name="A276" Value="44.16812582359011" />
        <RulerValue Name="A277" Value="44.16812582359011" />
        <RulerValue Name="A278" Value="44.16812582359011" />
        <RulerValue Name="A279" Value="44.16812582359011" />
        <RulerValue Name="A280" Value="44.16812582359011" />
        <RulerValue Name="A281" Value="44.16812582359011" />
        <RulerValue Name="A282" Value="44.16812582359011" />
        <RulerValue Name="A283" Value="44.16812582359011" />
        <RulerValue Name="A284" Value="44.16812582359011" />
        <RulerValue Name="A285" Value="44.16812582359011" />
        <RulerValue Name="A286" Value="44.16812582359011" />
        <RulerValue Name="A287" Value="44.16812582359011" />
        <RulerValue Name="A288" Value="44.16812582359011" />
        <RulerValue Name="A289" Value="44.16812582359011" />
        <RulerValue Name="A290" Value="44.16812582359011" />
        <RulerValue Name="A291" Value="44.16812582359011" />
        <RulerValue Name="A292" Value="44.16812582359011" />
        <RulerValue Name="A293" Value="44.16812582359011" />
        <RulerValue Name="A294" Value="44.16812582359011" />
        <RulerValue Name="A295" Value="44.16812582359011" />
        <RulerValue Name="A296" Value="44.16812582359011" />
        <RulerValue Name="A297" Value="44.16812582359011" />
        <RulerValue Name="A298" Value="44.16812582359011" />
        <RulerValue Name="A299" Value="44.16812582359011" />
        <RulerValue Name="A300" Value="44.16812582359011" />
        <RulerValue Name="A301" Value="44.16812582359011" />
        <RulerValue Name="A302" Value="44.16812582359011" />
        <RulerValue Name="A303" Value="44.16812582359011" />
        <RulerValue Name="A304" Value="44.16812582359011" />
        <RulerValue Name="A305" Value="44.16812582359011" />
        <RulerValue Name="A306" Value="44.16812582359011" />
        <RulerValue Name="A307" Value="44.16812582359011" />
        <RulerValue Name="A308" Value="44.16812582359011" />
        <RulerValue Name="A309" Value="44.16812582359011" />
        <RulerValue Name="A310" Value="44.16812582359011" />
        <RulerValue Name="A311" Value="44.16812582359011" />
        <RulerValue Name="A312" Value="44.16812582359011" />
        <RulerValue Name="A313" Value="44.16812582359011" />
        <RulerValue Name="A314" Value="44.16812582359011" />
        <RulerValue Name="A315" Value="44.16812582359011" />
        <RulerValue Name="A316" Value="44.16812582359011" />
        <RulerValue Name="A317" Value="44.16812582359011" />
        <RulerValue Name="A318" Value="44.16812582359011" />
        <RulerValue Name="A319" Value="44.16812582359011" />
        <RulerValue Name="A320" Value="44.16812582359011" />
        <RulerValue Name="A321" Value="44.16812582359011" />
        <RulerValue Name="A322" Value="44.16812582359011" />
        <RulerValue Name="A323" Value="44.16812582359011" />
        <RulerValue Name="A324" Value="44.16812582359011" />
        <RulerValue Name="A325" Value="44.16812582359011" />
        <RulerValue Name="A326" Value="44.16812582359011" />
        <RulerValue Name="A327" Value="44.16812582359011" />
        <RulerValue Name="A328" Value="44.16812582359011" />
        <RulerValue Name="A329" Value="44.16812582359011" />
        <RulerValue Name="A330" Value="44.16812582359011" />
        <RulerValue Name="A331" Value="44.16812582359011" />
        <RulerValue Name="A332" Value="44.16812582359011" />
        <RulerValue Name="A333" Value="44.16812582359011" />
        <RulerValue Name="A334" Value="44.16812582359011" />
        <RulerValue Name="A335" Value="44.16812582359011" />
        <RulerValue Name="A336" Value="44.16812582359011" />
        <RulerValue Name="A337" Value="44.16812582359011" />
        <RulerValue Name="A338" Value="44.16812582359011" />
        <RulerValue Name="A339" Value="44.16812582359011" />
        <RulerValue Name="A340" Value="44.16812582359011" />
        <RulerValue Name="A341" Value="44.16812582359011" />
        <RulerValue Name="A342" Value="44.16812582359011" />
        <RulerValue Name="A343" Value="44.16812582359011" />
        <RulerValue Name="A344" Value="44.16812582359011" />
        <RulerValue Name="A345" Value="44.16812582359011" />
        <RulerValue Name="A346" Value="44.16812582359011" />
        <RulerValue Name="A347" Value="44.16812582359011" />
        <RulerValue Name="A348" Value="44.16812582359011" />
        <RulerValue Name="A349" Value="44.16812582359011" />
        <RulerValue Name="A350" Value="44.16812582359011" />
      </Measurement>
    </Criterion>
    <Criterion Name="C2" IsPreferenceIncreasing="1">
      <Comment />
      <Measurement Name="Ratings" Type="0" DecisionMaker="Default User" SubType="0">
        <Comment />
      <RulerValue Name="A1" Value="29.890232795006035" />
        <RulerValue Name="A2" Value="29.890232795006035" />
        <RulerValue Name="A3" Value="29.890232795006035" />
        <RulerValue Name="A4" Value="29.890232795006035" />
        <RulerValue Name="A5" Value="29.890232795006035" />
        <RulerValue Name="A6" Value="29.890232795006035" />
        <RulerValue Name="A7" Value="29.890232795006035" />
        <RulerValue Name="A8" Value="29.890232795006035" />
        <RulerValue Name="A9" Value="29.890232795006035" />
        <RulerValue Name="A10" Value="29.890232795006035" />
        <RulerValue Name="A11" Value="29.890232795006035" />
        <RulerValue Name="A12" Value="29.890232795006035" />
        <RulerValue Name="A13" Value="29.890232795006035" />
        <RulerValue Name="A14" Value="29.890232795006035" />
        <RulerValue Name="A15" Value="29.890232795006035" />
        <RulerValue Name="A16" Value="29.890232795006035" />
        <RulerValue Name="A17" Value="29.890232795006035" />
        <RulerValue Name="A18" Value="29.890232795006035" />
        <RulerValue Name="A19" Value="29.890232795006035" />
        <RulerValue Name="A20" Value="29.890232795006035" />
        <RulerValue Name="A21" Value="29.890232795006035" />
        <RulerValue Name="A22" Value="29.890232795006035" />
        <RulerValue Name="A23" Value="29.890232795006035" />
        <RulerValue Name="A24" Value="29.890232795006035" />
        <RulerValue Name="A25" Value="29.890232795006035" />
        <RulerValue Name="A26" Value="29.890232795006035" />
        <RulerValue Name="A27" Value="29.890232795006035" />
        <RulerValue Name="A28" Value="29.890232795006035" />
        <RulerValue Name="A29" Value="29.890232795006035" />
        <RulerValue Name="A30" Value="29.890232795006035" />
        <RulerValue Name="A31" Value="29.890232795006035" />
        <RulerValue Name="A32" Value="29.890232795006035" />
        <RulerValue Name="A33" Value="29.890232795006035" />
        <RulerValue Name="A34" Value="29.890232795006035" />
        <RulerValue Name="A35" Value="29.890232795006035" />
        <RulerValue Name="A36" Value="29.890232795006035" />
        <RulerValue Name="A37" Value="29.890232795006035" />
        <RulerValue Name="A38" Value="29.890232795006035" />
        <RulerValue Name="A39" Value="29.890232795006035" />
        <RulerValue Name="A40" Value="29.890232795006035" />
        <RulerValue Name="A41" Value="29.890232795006035" />
        <RulerValue Name="A42" Value="29.890232795006035" />
        <RulerValue Name="A43" Value="29.890232795006035" />
        <RulerValue Name="A44" Value="29.890232795006035" />
        <RulerValue Name="A45" Value="29.890232795006035" />
        <RulerValue Name="A46" Value="29.890232795006035" />
        <RulerValue Name="A47" Value="29.890232795006035" />
        <RulerValue Name="A48" Value="29.890232795006035" />
        <RulerValue Name="A49" Value="29.890232795006035" />
        <RulerValue Name="A50" Value="29.890232795006035" />
        <RulerValue Name="A51" Value="29.890232795006035" />
        <RulerValue Name="A52" Value="29.890232795006035" />
        <RulerValue Name="A53" Value="29.890232795006035" />
        <RulerValue Name="A54" Value="29.890232795006035" />
        <RulerValue Name="A55" Value="29.890232795006035" />
        <RulerValue Name="A56" Value="29.890232795006035" />
        <RulerValue Name="A57" Value="29.890232795006035" />
        <RulerValue Name="A58" Value="29.890232795006035" />
        <RulerValue Name="A59" Value="29.890232795006035" />
        <RulerValue Name="A60" Value="29.890232795006035" />
        <RulerValue Name="A61" Value="29.890232795006035" />
        <RulerValue Name="A62" Value="29.890232795006035" />
        <RulerValue Name="A63" Value="29.890232795006035" />
        <RulerValue Name="A64" Value="29.890232795006035" />
        <RulerValue Name="A65" Value="29.890232795006035" />
        <RulerValue Name="A66" Value="29.890232795006035" />
        <RulerValue Name="A67" Value="29.890232795006035" />
        <RulerValue Name="A68" Value="29.890232795006035" />
        <RulerValue Name="A69" Value="29.890232795006035" />
        <RulerValue Name="A70" Value="29.890232795006035" />
        <RulerValue Name="A71" Value="29.890232795006035" />
        <RulerValue Name="A72" Value="29.890232795006035" />
        <RulerValue Name="A73" Value="29.890232795006035" />
        <RulerValue Name="A74" Value="29.890232795006035" />
        <RulerValue Name="A75" Value="29.890232795006035" />
        <RulerValue Name="A76" Value="29.890232795006035" />
        <RulerValue Name="A77" Value="29.890232795006035" />
        <RulerValue Name="A78" Value="29.890232795006035" />
        <RulerValue Name="A79" Value="29.890232795006035" />
        <RulerValue Name="A80" Value="29.890232795006035" />
        <RulerValue Name="A81" Value="29.890232795006035" />
        <RulerValue Name="A82" Value="29.890232795006035" />
        <RulerValue Name="A83" Value="29.890232795006035" />
        <RulerValue Name="A84" Value="29.890232795006035" />
        <RulerValue Name="A85" Value="29.890232795006035" />
        <RulerValue Name="A86" Value="29.890232795006035" />
        <RulerValue Name="A87" Value="29.890232795006035" />
        <RulerValue Name="A88" Value="29.890232795006035" />
        <RulerValue Name="A89" Value="29.890232795006035" />
        <RulerValue Name="A90" Value="29.890232795006035" />
        <RulerValue Name="A91" Value="29.890232795006035" />
        <RulerValue Name="A92" Value="29.890232795006035" />
        <RulerValue Name="A93" Value="29.890232795006035" />
        <RulerValue Name="A94" Value="29.890232795006035" />
        <RulerValue Name="A95" Value="29.890232795006035" />
        <RulerValue Name="A96" Value="29.890232795006035" />
        <RulerValue Name="A97" Value="29.890232795006035" />
        <RulerValue Name="A98" Value="29.890232795006035" />
        <RulerValue Name="A99" Value="29.890232795006035" />
        <RulerValue Name="A100" Value="29.890232795006035" />
        <RulerValue Name="A101" Value="29.890232795006035" />
        <RulerValue Name="A102" Value="29.890232795006035" />
        <RulerValue Name="A103" Value="29.890232795006035" />
        <RulerValue Name="A104" Value="29.890232795006035" />
        <RulerValue Name="A105" Value="29.890232795006035" />
        <RulerValue Name="A106" Value="29.890232795006035" />
        <RulerValue Name="A107" Value="29.890232795006035" />
        <RulerValue Name="A108" Value="29.890232795006035" />
        <RulerValue Name="A109" Value="29.890232795006035" />
        <RulerValue Name="A110" Value="29.890232795006035" />
        <RulerValue Name="A111" Value="29.890232795006035" />
        <RulerValue Name="A112" Value="29.890232795006035" />
        <RulerValue Name="A113" Value="29.890232795006035" />
        <RulerValue Name="A114" Value="29.890232795006035" />
        <RulerValue Name="A115" Value="29.890232795006035" />
        <RulerValue Name="A116" Value="29.890232795006035" />
        <RulerValue Name="A117" Value="29.890232795006035" />
        <RulerValue Name="A118" Value="29.890232795006035" />
        <RulerValue Name="A119" Value="29.890232795006035" />
        <RulerValue Name="A120" Value="29.890232795006035" />
        <RulerValue Name="A121" Value="29.890232795006035" />
        <RulerValue Name="A122" Value="29.890232795006035" />
        <RulerValue Name="A123" Value="29.890232795006035" />
        <RulerValue Name="A124" Value="29.890232795006035" />
        <RulerValue Name="A125" Value="29.890232795006035" />
        <RulerValue Name="A126" Value="29.890232795006035" />
        <RulerValue Name="A127" Value="29.890232795006035" />
        <RulerValue Name="A128" Value="29.890232795006035" />
        <RulerValue Name="A129" Value="29.890232795006035" />
        <RulerValue Name="A130" Value="29.890232795006035" />
        <RulerValue Name="A131" Value="29.890232795006035" />
        <RulerValue Name="A132" Value="29.890232795006035" />
        <RulerValue Name="A133" Value="29.890232795006035" />
        <RulerValue Name="A134" Value="29.890232795006035" />
        <RulerValue Name="A135" Value="29.890232795006035" />
        <RulerValue Name="A136" Value="29.890232795006035" />
        <RulerValue Name="A137" Value="29.890232795006035" />
        <RulerValue Name="A138" Value="29.890232795006035" />
        <RulerValue Name="A139" Value="29.890232795006035" />
        <RulerValue Name="A140" Value="29.890232795006035" />
        <RulerValue Name="A141" Value="29.890232795006035" />
        <RulerValue Name="A142" Value="29.890232795006035" />
        <RulerValue Name="A143" Value="29.890232795006035" />
        <RulerValue Name="A144" Value="29.890232795006035" />
        <RulerValue Name="A145" Value="29.890232795006035" />
        <RulerValue Name="A146" Value="29.890232795006035" />
        <RulerValue Name="A147" Value="29.890232795006035" />
        <RulerValue Name="A148" Value="29.890232795006035" />
        <RulerValue Name="A149" Value="29.890232795006035" />
        <RulerValue Name="A150" Value="29.890232795006035" />
        <RulerValue Name="A151" Value="29.890232795006035" />
        <RulerValue Name="A152" Value="29.890232795006035" />
        <RulerValue Name="A153" Value="29.890232795006035" />
        <RulerValue Name="A154" Value="29.890232795006035" />
        <RulerValue Name="A155" Value="29.890232795006035" />
        <RulerValue Name="A156" Value="29.890232795006035" />
        <RulerValue Name="A157" Value="29.890232795006035" />
        <RulerValue Name="A158" Value="29.890232795006035" />
        <RulerValue Name="A159" Value="29.890232795006035" />
        <RulerValue Name="A160" Value="29.890232795006035" />
        <RulerValue Name="A161" Value="29.890232795006035" />
        <RulerValue Name="A162" Value="29.890232795006035" />
        <RulerValue Name="A163" Value="29.890232795006035" />
        <RulerValue Name="A164" Value="29.890232795006035" />
        <RulerValue Name="A165" Value="29.890232795006035" />
        <RulerValue Name="A166" Value="29.890232795006035" />
        <RulerValue Name="A167" Value="29.890232795006035" />
        <RulerValue Name="A168" Value="29.890232795006035" />
        <RulerValue Name="A169" Value="29.890232795006035" />
        <RulerValue Name="A170" Value="29.890232795006035" />
        <RulerValue Name="A171" Value="29.890232795006035" />
        <RulerValue Name="A172" Value="29.890232795006035" />
        <RulerValue Name="A173" Value="29.890232795006035" />
        <RulerValue Name="A174" Value="29.890232795006035" />
        <RulerValue Name="A175" Value="29.890232795006035" />
        <RulerValue Name="A176" Value="29.890232795006035" />
        <RulerValue Name="A177" Value="29.890232795006035" />
        <RulerValue Name="A178" Value="29.890232795006035" />
        <RulerValue Name="A179" Value="29.890232795006035" />
        <RulerValue Name="A180" Value="29.890232795006035" />
        <RulerValue Name="A181" Value="29.890232795006035" />
        <RulerValue Name="A182" Value="29.890232795006035" />
        <RulerValue Name="A183" Value="29.890232795006035" />
        <RulerValue Name="A184" Value="29.890232795006035" />
        <RulerValue Name="A185" Value="29.890232795006035" />
        <RulerValue Name="A186" Value="29.890232795006035" />
        <RulerValue Name="A187" Value="29.890232795006035" />
        <RulerValue Name="A188" Value="29.890232795006035" />
        <RulerValue Name="A189" Value="29.890232795006035" />
        <RulerValue Name="A190" Value="29.890232795006035" />
        <RulerValue Name="A191" Value="29.890232795006035" />
        <RulerValue Name="A192" Value="29.890232795006035" />
        <RulerValue Name="A193" Value="29.890232795006035" />
        <RulerValue Name="A194" Value="29.890232795006035" />
        <RulerValue Name="A195" Value="29.890232795006035" />
        <RulerValue Name="A196" Value="29.890232795006035" />
        <RulerValue Name="A197" Value="29.890232795006035" />
        <RulerValue Name="A198" Value="29.890232795006035" />
        <RulerValue Name="A199" Value="29.890232795006035" />
        <RulerValue Name="A200" Value="29.890232795006035" />
        <RulerValue Name="A201" Value="29.890232795006035" />
        <RulerValue Name="A202" Value="29.890232795006035" />
        <RulerValue Name="A203" Value="29.890232795006035" />
        <RulerValue Name="A204" Value="29.890232795006035" />
        <RulerValue Name="A205" Value="29.890232795006035" />
        <RulerValue Name="A206" Value="29.890232795006035" />
        <RulerValue Name="A207" Value="29.890232795006035" />
        <RulerValue Name="A208" Value="29.890232795006035" />
        <RulerValue Name="A209" Value="29.890232795006035" />
        <RulerValue Name="A210" Value="29.890232795006035" />
        <RulerValue Name="A211" Value="29.890232795006035" />
        <RulerValue Name="A212" Value="29.890232795006035" />
        <RulerValue Name="A213" Value="29.890232795006035" />
        <RulerValue Name="A214" Value="29.890232795006035" />
        <RulerValue Name="A215" Value="29.890232795006035" />
        <RulerValue Name="A216" Value="29.890232795006035" />
        <RulerValue Name="A217" Value="29.890232795006035" />
        <RulerValue Name="A218" Value="29.890232795006035" />
        <RulerValue Name="A219" Value="29.890232795006035" />
        <RulerValue Name="A220" Value="29.890232795006035" />
        <RulerValue Name="A221" Value="29.890232795006035" />
        <RulerValue Name="A222" Value="29.890232795006035" />
        <RulerValue Name="A223" Value="29.890232795006035" />
        <RulerValue Name="A224" Value="29.890232795006035" />
        <RulerValue Name="A225" Value="29.890232795006035" />
        <RulerValue Name="A226" Value="29.890232795006035" />
        <RulerValue Name="A227" Value="29.890232795006035" />
        <RulerValue Name="A228" Value="29.890232795006035" />
        <RulerValue Name="A229" Value="29.890232795006035" />
        <RulerValue Name="A230" Value="29.890232795006035" />
        <RulerValue Name="A231" Value="29.890232795006035" />
        <RulerValue Name="A232" Value="29.890232795006035" />
        <RulerValue Name="A233" Value="29.890232795006035" />
        <RulerValue Name="A234" Value="29.890232795006035" />
        <RulerValue Name="A235" Value="29.890232795006035" />
        <RulerValue Name="A236" Value="29.890232795006035" />
        <RulerValue Name="A237" Value="29.890232795006035" />
        <RulerValue Name="A238" Value="29.890232795006035" />
        <RulerValue Name="A239" Value="29.890232795006035" />
        <RulerValue Name="A240" Value="29.890232795006035" />
        <RulerValue Name="A241" Value="29.890232795006035" />
        <RulerValue Name="A242" Value="29.890232795006035" />
        <RulerValue Name="A243" Value="29.890232795006035" />
        <RulerValue Name="A244" Value="29.890232795006035" />
        <RulerValue Name="A245" Value="29.890232795006035" />
        <RulerValue Name="A246" Value="29.890232795006035" />
        <RulerValue Name="A247" Value="29.890232795006035" />
        <RulerValue Name="A248" Value="29.890232795006035" />
        <RulerValue Name="A249" Value="29.890232795006035" />
        <RulerValue Name="A250" Value="29.890232795006035" />
        <RulerValue Name="A251" Value="29.890232795006035" />
        <RulerValue Name="A252" Value="29.890232795006035" />
        <RulerValue Name="A253" Value="29.890232795006035" />
        <RulerValue Name="A254" Value="29.890232795006035" />
        <RulerValue Name="A255" Value="29.890232795006035" />
        <RulerValue Name="A256" Value="29.890232795006035" />
        <RulerValue Name="A257" Value="29.890232795006035" />
        <RulerValue Name="A258" Value="29.890232795006035" />
        <RulerValue Name="A259" Value="29.890232795006035" />
        <RulerValue Name="A260" Value="29.890232795006035" />
        <RulerValue Name="A261" Value="29.890232795006035" />
        <RulerValue Name="A262" Value="29.890232795006035" />
        <RulerValue Name="A263" Value="29.890232795006035" />
        <RulerValue Name="A264" Value="29.890232795006035" />
        <RulerValue Name="A265" Value="29.890232795006035" />
        <RulerValue Name="A266" Value="29.890232795006035" />
        <RulerValue Name="A267" Value="29.890232795006035" />
        <RulerValue Name="A268" Value="29.890232795006035" />
        <RulerValue Name="A269" Value="29.890232795006035" />
        <RulerValue Name="A270" Value="29.890232795006035" />
        <RulerValue Name="A271" Value="29.890232795006035" />
        <RulerValue Name="A272" Value="29.890232795006035" />
        <RulerValue Name="A273" Value="29.890232795006035" />
        <RulerValue Name="A274" Value="29.890232795006035" />
        <RulerValue Name="A275" Value="29.890232795006035" />
        <RulerValue Name="A276" Value="29.890232795006035" />
        <RulerValue Name="A277" Value="29.890232795006035" />
        <RulerValue Name="A278" Value="29.890232795006035" />
        <RulerValue Name="A279" Value="29.890232795006035" />
        <RulerValue Name="A280" Value="29.890232795006035" />
        <RulerValue Name="A281" Value="29.890232795006035" />
        <RulerValue Name="A282" Value="29.890232795006035" />
        <RulerValue Name="A283" Value="29.890232795006035" />
        <RulerValue Name="A284" Value="29.890232795006035" />
        <RulerValue Name="A285" Value="29.890232795006035" />
        <RulerValue Name="A286" Value="29.890232795006035" />
        <RulerValue Name="A287" Value="29.890232795006035" />
        <RulerValue Name="A288" Value="29.890232795006035" />
        <RulerValue Name="A289" Value="29.890232795006035" />
        <RulerValue Name="A290" Value="29.890232795006035" />
        <RulerValue Name="A291" Value="29.890232795006035" />
        <RulerValue Name="A292" Value="29.890232795006035" />
        <RulerValue Name="A293" Value="29.890232795006035" />
        <RulerValue Name="A294" Value="29.890232795006035" />
        <RulerValue Name="A295" Value="29.890232795006035" />
        <RulerValue Name="A296" Value="29.890232795006035" />
        <RulerValue Name="A297" Value="29.890232795006035" />
        <RulerValue Name="A298" Value="29.890232795006035" />
        <RulerValue Name="A299" Value="29.890232795006035" />
        <RulerValue Name="A300" Value="29.890232795006035" />
        <RulerValue Name="A301" Value="29.890232795006035" />
        <RulerValue Name="A302" Value="29.890232795006035" />
        <RulerValue Name="A303" Value="29.890232795006035" />
        <RulerValue Name="A304" Value="29.890232795006035" />
        <RulerValue Name="A305" Value="29.890232795006035" />
        <RulerValue Name="A306" Value="29.890232795006035" />
        <RulerValue Name="A307" Value="29.890232795006035" />
        <RulerValue Name="A308" Value="29.890232795006035" />
        <RulerValue Name="A309" Value="29.890232795006035" />
        <RulerValue Name="A310" Value="29.890232795006035" />
        <RulerValue Name="A311" Value="29.890232795006035" />
        <RulerValue Name="A312" Value="29.890232795006035" />
        <RulerValue Name="A313" Value="29.890232795006035" />
        <RulerValue Name="A314" Value="29.890232795006035" />
        <RulerValue Name="A315" Value="29.890232795006035" />
        <RulerValue Name="A316" Value="29.890232795006035" />
        <RulerValue Name="A317" Value="29.890232795006035" />
        <RulerValue Name="A318" Value="29.890232795006035" />
        <RulerValue Name="A319" Value="29.890232795006035" />
        <RulerValue Name="A320" Value="29.890232795006035" />
        <RulerValue Name="A321" Value="29.890232795006035" />
        <RulerValue Name="A322" Value="29.890232795006035" />
        <RulerValue Name="A323" Value="29.890232795006035" />
        <RulerValue Name="A324" Value="29.890232795006035" />
        <RulerValue Name="A325" Value="29.890232795006035" />
        <RulerValue Name="A326" Value="29.890232795006035" />
        <RulerValue Name="A327" Value="29.890232795006035" />
        <RulerValue Name="A328" Value="29.890232795006035" />
        <RulerValue Name="A329" Value="29.890232795006035" />
        <RulerValue Name="A330" Value="29.890232795006035" />
        <RulerValue Name="A331" Value="29.890232795006035" />
        <RulerValue Name="A332" Value="29.890232795006035" />
        <RulerValue Name="A333" Value="29.890232795006035" />
        <RulerValue Name="A334" Value="29.890232795006035" />
        <RulerValue Name="A335" Value="29.890232795006035" />
        <RulerValue Name="A336" Value="29.890232795006035" />
        <RulerValue Name="A337" Value="29.890232795006035" />
        <RulerValue Name="A338" Value="29.890232795006035" />
        <RulerValue Name="A339" Value="29.890232795006035" />
        <RulerValue Name="A340" Value="29.890232795006035" />
        <RulerValue Name="A341" Value="29.890232795006035" />
        <RulerValue Name="A342" Value="29.890232795006035" />
        <RulerValue Name="A343" Value="29.890232795006035" />
        <RulerValue Name="A344" Value="29.890232795006035" />
        <RulerValue Name="A345" Value="29.890232795006035" />
        <RulerValue Name="A346" Value="29.890232795006035" />
        <RulerValue Name="A347" Value="29.890232795006035" />
        <RulerValue Name="A348" Value="29.890232795006035" />
        <RulerValue Name="A349" Value="29.890232795006035" />
        <RulerValue Name="A350" Value="29.890232795006035" />
      </Measurement>
    </Criterion>
    <Criterion Name="C3" IsPreferenceIncreasing="1">
      <Comment />
      <Measurement Name="Ratings" Type="0" DecisionMaker="Default User" SubType="0">
        <Comment />
      <RulerValue Name="A1" Value="86.75108956740229" />
        <RulerValue Name="A2" Value="86.75108956740229" />
        <RulerValue Name="A3" Value="86.75108956740229" />
        <RulerValue Name="A4" Value="86.75108956740229" />
        <RulerValue Name="A5" Value="86.75108956740229" />
        <RulerValue Name="A6" Value="86.75108956740229" />
        <RulerValue Name="A7" Value="86.75108956740229" />
        <RulerValue Name="A8" Value="86.75108956740229" />
        <RulerValue Name="A9" Value="86.75108956740229" />
        <RulerValue Name="A10" Value="86.75108956740229" />
        <RulerValue Name="A11" Value="86.75108956740229" />
        <RulerValue Name="A12" Value="86.75108956740229" />
        <RulerValue Name="A13" Value="86.75108956740229" />
        <RulerValue Name="A14" Value="86.75108956740229" />
        <RulerValue Name="A15" Value="86.75108956740229" />
        <RulerValue Name="A16" Value="86.75108956740229" />
        <RulerValue Name="A17" Value="86.75108956740229" />
        <RulerValue Name="A18" Value="86.75108956740229" />
        <RulerValue Name="A19" Value="86.75108956740229" />
        <RulerValue Name="A20" Value="86.75108956740229" />
        <RulerValue Name="A21" Value="86.75108956740229" />
        <RulerValue Name="A22" Value="86.75108956740229" />
        <RulerValue Name="A23" Value="86.75108956740229" />
        <RulerValue Name="A24" Value="86.75108956740229" />
        <RulerValue Name="A25" Value="86.75108956740229" />
        <RulerValue Name="A26" Value="86.75108956740229" />
        <RulerValue Name="A27" Value="86.75108956740229" />
        <RulerValue Name="A28" Value="86.75108956740229" />
        <RulerValue Name="A29" Value="86.75108956740229" />
        <RulerValue Name="A30" Value="86.75108956740229" />
        <RulerValue Name="A31" Value="86.75108956740229" />
        <RulerValue Name="A32" Value="86.75108956740229" />
        <RulerValue Name="A33" Value="86.75108956740229" />
        <RulerValue Name="A34" Value="86.75108956740229" />
        <RulerValue Name="A35" Value="86.75108956740229" />
        <RulerValue Name="A36" Value="86.75108956740229" />
        <RulerValue Name="A37" Value="86.75108956740229" />
        <RulerValue Name="A38" Value="86.75108956740229" />
        <RulerValue Name="A39" Value="86.75108956740229" />
        <RulerValue Name="A40" Value="86.75108956740229" />
        <RulerValue Name="A41" Value="86.75108956740229" />
        <RulerValue Name="A42" Value="86.75108956740229" />
        <RulerValue Name="A43" Value="86.75108956740229" />
        <RulerValue Name="A44" Value="86.75108956740229" />
        <RulerValue Name="A45" Value="86.75108956740229" />
        <RulerValue Name="A46" Value="86.75108956740229" />
        <RulerValue Name="A47" Value="86.75108956740229" />
        <RulerValue Name="A48" Value="86.75108956740229" />
        <RulerValue Name="A49" Value="86.75108956740229" />
        <RulerValue Name="A50" Value="86.75108956740229" />
        <RulerValue Name="A51" Value="86.75108956740229" />
        <RulerValue Name="A52" Value="86.75108956740229" />
        <RulerValue Name="A53" Value="86.75108956740229" />
        <RulerValue Name="A54" Value="86.75108956740229" />
        <RulerValue Name="A55" Value="86.75108956740229" />
        <RulerValue Name="A56" Value="86.75108956740229" />
        <RulerValue Name="A57" Value="86.75108956740229" />
        <RulerValue Name="A58" Value="86.75108956740229" />
        <RulerValue Name="A59" Value="86.75108956740229" />
        <RulerValue Name="A60" Value="86.75108956740229" />
        <RulerValue Name="A61" Value="86.75108956740229" />
        <RulerValue Name="A62" Value="86.75108956740229" />
        <RulerValue Name="A63" Value="86.75108956740229" />
        <RulerValue Name="A64" Value="86.75108956740229" />
        <RulerValue Name="A65" Value="86.75108956740229" />
        <RulerValue Name="A66" Value="86.75108956740229" />
        <RulerValue Name="A67" Value="86.75108956740229" />
        <RulerValue Name="A68" Value="86.75108956740229" />
        <RulerValue Name="A69" Value="86.75108956740229" />
        <RulerValue Name="A70" Value="86.75108956740229" />
        <RulerValue Name="A71" Value="86.75108956740229" />
        <RulerValue Name="A72" Value="86.75108956740229" />
        <RulerValue Name="A73" Value="86.75108956740229" />
        <RulerValue Name="A74" Value="86.75108956740229" />
        <RulerValue Name="A75" Value="86.75108956740229" />
        <RulerValue Name="A76" Value="86.75108956740229" />
        <RulerValue Name="A77" Value="86.75108956740229" />
        <RulerValue Name="A78" Value="86.75108956740229" />
        <RulerValue Name="A79" Value="86.75108956740229" />
        <RulerValue Name="A80" Value="86.75108956740229" />
        <RulerValue Name="A81" Value="86.75108956740229" />
        <RulerValue Name="A82" Value="86.75108956740229" />
        <RulerValue Name="A83" Value="86.75108956740229" />
        <RulerValue Name="A84" Value="86.75108956740229" />
        <RulerValue Name="A85" Value="86.75108956740229" />
        <RulerValue Name="A86" Value="86.75108956740229" />
        <RulerValue Name="A87" Value="86.75108956740229" />
        <RulerValue Name="A88" Value="86.75108956740229" />
        <RulerValue Name="A89" Value="86.75108956740229" />
        <RulerValue Name="A90" Value="86.75108956740229" />
        <RulerValue Name="A91" Value="86.75108956740229" />
        <RulerValue Name="A92" Value="86.75108956740229" />
        <RulerValue Name="A93" Value="86.75108956740229" />
        <RulerValue Name="A94" Value="86.75108956740229" />
        <RulerValue Name="A95" Value="86.75108956740229" />
        <RulerValue Name="A96" Value="86.75108956740229" />
        <RulerValue Name="A97" Value="86.75108956740229" />
        <RulerValue Name="A98" Value="86.75108956740229" />
        <RulerValue Name="A99" Value="86.75108956740229" />
        <RulerValue Name="A100" Value="86.75108956740229" />
        <RulerValue Name="A101" Value="86.75108956740229" />
        <RulerValue Name="A102" Value="86.75108956740229" />
        <RulerValue Name="A103" Value="86.75108956740229" />
        <RulerValue Name="A104" Value="86.75108956740229" />
        <RulerValue Name="A105" Value="86.75108956740229" />
        <RulerValue Name="A106" Value="86.75108956740229" />
        <RulerValue Name="A107" Value="86.75108956740229" />
        <RulerValue Name="A108" Value="86.75108956740229" />
        <RulerValue Name="A109" Value="86.75108956740229" />
        <RulerValue Name="A110" Value="86.75108956740229" />
        <RulerValue Name="A111" Value="86.75108956740229" />
        <RulerValue Name="A112" Value="86.75108956740229" />
        <RulerValue Name="A113" Value="86.75108956740229" />
        <RulerValue Name="A114" Value="86.75108956740229" />
        <RulerValue Name="A115" Value="86.75108956740229" />
        <RulerValue Name="A116" Value="86.75108956740229" />
        <RulerValue Name="A117" Value="86.75108956740229" />
        <RulerValue Name="A118" Value="86.75108956740229" />
        <RulerValue Name="A119" Value="86.75108956740229" />
        <RulerValue Name="A120" Value="86.75108956740229" />
        <RulerValue Name="A121" Value="86.75108956740229" />
        <RulerValue Name="A122" Value="86.75108956740229" />
        <RulerValue Name="A123" Value="86.75108956740229" />
        <RulerValue Name="A124" Value="86.75108956740229" />
        <RulerValue Name="A125" Value="86.75108956740229" />
        <RulerValue Name="A126" Value="86.75108956740229" />
        <RulerValue Name="A127" Value="86.75108956740229" />
        <RulerValue Name="A128" Value="86.75108956740229" />
        <RulerValue Name="A129" Value="86.75108956740229" />
        <RulerValue Name="A130" Value="86.75108956740229" />
        <RulerValue Name="A131" Value="86.75108956740229" />
        <RulerValue Name="A132" Value="86.75108956740229" />
        <RulerValue Name="A133" Value="86.75108956740229" />
        <RulerValue Name="A134" Value="86.75108956740229" />
        <RulerValue Name="A135" Value="86.75108956740229" />
        <RulerValue Name="A136" Value="86.75108956740229" />
        <RulerValue Name="A137" Value="86.75108956740229" />
        <RulerValue Name="A138" Value="86.75108956740229" />
        <RulerValue Name="A139" Value="86.75108956740229" />
        <RulerValue Name="A140" Value="86.75108956740229" />
        <RulerValue Name="A141" Value="86.75108956740229" />
        <RulerValue Name="A142" Value="86.75108956740229" />
        <RulerValue Name="A143" Value="86.75108956740229" />
        <RulerValue Name="A144" Value="86.75108956740229" />
        <RulerValue Name="A145" Value="86.75108956740229" />
        <RulerValue Name="A146" Value="86.75108956740229" />
        <RulerValue Name="A147" Value="86.75108956740229" />
        <RulerValue Name="A148" Value="86.75108956740229" />
        <RulerValue Name="A149" Value="86.75108956740229" />
        <RulerValue Name="A150" Value="86.75108956740229" />
        <RulerValue Name="A151" Value="86.75108956740229" />
        <RulerValue Name="A152" Value="86.75108956740229" />
        <RulerValue Name="A153" Value="86.75108956740229" />
        <RulerValue Name="A154" Value="86.75108956740229" />
        <RulerValue Name="A155" Value="86.75108956740229" />
        <RulerValue Name="A156" Value="86.75108956740229" />
        <RulerValue Name="A157" Value="86.75108956740229" />
        <RulerValue Name="A158" Value="86.75108956740229" />
        <RulerValue Name="A159" Value="86.75108956740229" />
        <RulerValue Name="A160" Value="86.75108956740229" />
        <RulerValue Name="A161" Value="86.75108956740229" />
        <RulerValue Name="A162" Value="86.75108956740229" />
        <RulerValue Name="A163" Value="86.75108956740229" />
        <RulerValue Name="A164" Value="86.75108956740229" />
        <RulerValue Name="A165" Value="86.75108956740229" />
        <RulerValue Name="A166" Value="86.75108956740229" />
        <RulerValue Name="A167" Value="86.75108956740229" />
        <RulerValue Name="A168" Value="86.75108956740229" />
        <RulerValue Name="A169" Value="86.75108956740229" />
        <RulerValue Name="A170" Value="86.75108956740229" />
        <RulerValue Name="A171" Value="86.75108956740229" />
        <RulerValue Name="A172" Value="86.75108956740229" />
        <RulerValue Name="A173" Value="86.75108956740229" />
        <RulerValue Name="A174" Value="86.75108956740229" />
        <RulerValue Name="A175" Value="86.75108956740229" />
        <RulerValue Name="A176" Value="86.75108956740229" />
        <RulerValue Name="A177" Value="86.75108956740229" />
        <RulerValue Name="A178" Value="86.75108956740229" />
        <RulerValue Name="A179" Value="86.75108956740229" />
        <RulerValue Name="A180" Value="86.75108956740229" />
        <RulerValue Name="A181" Value="86.75108956740229" />
        <RulerValue Name="A182" Value="86.75108956740229" />
        <RulerValue Name="A183" Value="86.75108956740229" />
        <RulerValue Name="A184" Value="86.75108956740229" />
        <RulerValue Name="A185" Value="86.75108956740229" />
        <RulerValue Name="A186" Value="86.75108956740229" />
        <RulerValue Name="A187" Value="86.75108956740229" />
        <RulerValue Name="A188" Value="86.75108956740229" />
        <RulerValue Name="A189" Value="86.75108956740229" />
        <RulerValue Name="A190" Value="86.75108956740229" />
        <RulerValue Name="A191" Value="86.75108956740229" />
        <RulerValue Name="A192" Value="86.75108956740229" />
        <RulerValue Name="A193" Value="86.75108956740229" />
        <RulerValue Name="A194" Value="86.75108956740229" />
        <RulerValue Name="A195" Value="86.75108956740229" />
        <RulerValue Name="A196" Value="86.75108956740229" />
        <RulerValue Name="A197" Value="86.75108956740229" />
        <RulerValue Name="A198" Value="86.75108956740229" />
        <RulerValue Name="A199" Value="86.75108956740229" />
        <RulerValue Name="A200" Value="86.75108956740229" />
        <RulerValue Name="A201" Value="86.75108956740229" />
        <RulerValue Name="A202" Value="86.75108956740229" />
        <RulerValue Name="A203" Value="86.75108956740229" />
        <RulerValue Name="A204" Value="86.75108956740229" />
        <RulerValue Name="A205" Value="86.75108956740229" />
        <RulerValue Name="A206" Value="86.75108956740229" />
        <RulerValue Name="A207" Value="86.75108956740229" />
        <RulerValue Name="A208" Value="86.75108956740229" />
        <RulerValue Name="A209" Value="86.75108956740229" />
        <RulerValue Name="A210" Value="86.75108956740229" />
        <RulerValue Name="A211" Value="86.75108956740229" />
        <RulerValue Name="A212" Value="86.75108956740229" />
        <RulerValue Name="A213" Value="86.75108956740229" />
        <RulerValue Name="A214" Value="86.75108956740229" />
        <RulerValue Name="A215" Value="86.75108956740229" />
        <RulerValue Name="A216" Value="86.75108956740229" />
        <RulerValue Name="A217" Value="86.75108956740229" />
        <RulerValue Name="A218" Value="86.75108956740229" />
        <RulerValue Name="A219" Value="86.75108956740229" />
        <RulerValue Name="A220" Value="86.75108956740229" />
        <RulerValue Name="A221" Value="86.75108956740229" />
        <RulerValue Name="A222" Value="86.75108956740229" />
        <RulerValue Name="A223" Value="86.75108956740229" />
        <RulerValue Name="A224" Value="86.75108956740229" />
        <RulerValue Name="A225" Value="86.75108956740229" />
        <RulerValue Name="A226" Value="86.75108956740229" />
        <RulerValue Name="A227" Value="86.75108956740229" />
        <RulerValue Name="A228" Value="86.75108956740229" />
        <RulerValue Name="A229" Value="86.75108956740229" />
        <RulerValue Name="A230" Value="86.75108956740229" />
        <RulerValue Name="A231" Value="86.75108956740229" />
        <RulerValue Name="A232" Value="86.75108956740229" />
        <RulerValue Name="A233" Value="86.75108956740229" />
        <RulerValue Name="A234" Value="86.75108956740229" />
        <RulerValue Name="A235" Value="86.75108956740229" />
        <RulerValue Name="A236" Value="86.75108956740229" />
        <RulerValue Name="A237" Value="86.75108956740229" />
        <RulerValue Name="A238" Value="86.75108956740229" />
        <RulerValue Name="A239" Value="86.75108956740229" />
        <RulerValue Name="A240" Value="86.75108956740229" />
        <RulerValue Name="A241" Value="86.75108956740229" />
        <RulerValue Name="A242" Value="86.75108956740229" />
        <RulerValue Name="A243" Value="86.75108956740229" />
        <RulerValue Name="A244" Value="86.75108956740229" />
        <RulerValue Name="A245" Value="86.75108956740229" />
        <RulerValue Name="A246" Value="86.75108956740229" />
        <RulerValue Name="A247" Value="86.75108956740229" />
        <RulerValue Name="A248" Value="86.75108956740229" />
        <RulerValue Name="A249" Value="86.75108956740229" />
        <RulerValue Name="A250" Value="86.75108956740229" />
        <RulerValue Name="A251" Value="86.75108956740229" />
        <RulerValue Name="A252" Value="86.75108956740229" />
        <RulerValue Name="A253" Value="86.75108956740229" />
        <RulerValue Name="A254" Value="86.75108956740229" />
        <RulerValue Name="A255" Value="86.75108956740229" />
        <RulerValue Name="A256" Value="86.75108956740229" />
        <RulerValue Name="A257" Value="86.75108956740229" />
        <RulerValue Name="A258" Value="86.75108956740229" />
        <RulerValue Name="A259" Value="86.75108956740229" />
        <RulerValue Name="A260" Value="86.75108956740229" />
        <RulerValue Name="A261" Value="86.75108956740229" />
        <RulerValue Name="A262" Value="86.75108956740229" />
        <RulerValue Name="A263" Value="86.75108956740229" />
        <RulerValue Name="A264" Value="86.75108956740229" />
        <RulerValue Name="A265" Value="86.75108956740229" />
        <RulerValue Name="A266" Value="86.75108956740229" />
        <RulerValue Name="A267" Value="86.75108956740229" />
        <RulerValue Name="A268" Value="86.75108956740229" />
        <RulerValue Name="A269" Value="86.75108956740229" />
        <RulerValue Name="A270" Value="86.75108956740229" />
        <RulerValue Name="A271" Value="86.75108956740229" />
        <RulerValue Name="A272" Value="86.75108956740229" />
        <RulerValue Name="A273" Value="86.75108956740229" />
        <RulerValue Name="A274" Value="86.75108956740229" />
        <RulerValue Name="A275" Value="86.75108956740229" />
        <RulerValue Name="A276" Value="86.75108956740229" />
        <RulerValue Name="A277" Value="86.75108956740229" />
        <RulerValue Name="A278" Value="86.75108956740229" />
        <RulerValue Name="A279" Value="86.75108956740229" />
        <RulerValue Name="A280" Value="86.75108956740229" />
        <RulerValue Name="A281" Value="86.75108956740229" />
        <RulerValue Name="A282" Value="86.75108956740229" />
        <RulerValue Name="A283" Value="86.75108956740229" />
        <RulerValue Name="A284" Value="86.75108956740229" />
        <RulerValue Name="A285" Value="86.75108956740229" />
        <RulerValue Name="A286" Value="86.75108956740229" />
        <RulerValue Name="A287" Value="86.75108956740229" />
        <RulerValue Name="A288" Value="86.75108956740229" />
        <RulerValue Name="A289" Value="86.75108956740229" />
        <RulerValue Name="A290" Value="86.75108956740229" />
        <RulerValue Name="A291" Value="86.75108956740229" />
        <RulerValue Name="A292" Value="86.75108956740229" />
        <RulerValue Name="A293" Value="86.75108956740229" />
        <RulerValue Name="A294" Value="86.75108956740229" />
        <RulerValue Name="A295" Value="86.75108956740229" />
        <RulerValue Name="A296" Value="86.75108956740229" />
        <RulerValue Name="A297" Value="86.75108956740229" />
        <RulerValue Name="A298" Value="86.75108956740229" />
        <RulerValue Name="A299" Value="86.75108956740229" />
        <RulerValue Name="A300" Value="86.75108956740229" />
        <RulerValue Name="A301" Value="86.75108956740229" />
        <RulerValue Name="A302" Value="86.75108956740229" />
        <RulerValue Name="A303" Value="86.75108956740229" />
        <RulerValue Name="A304" Value="86.75108956740229" />
        <RulerValue Name="A305" Value="86.75108956740229" />
        <RulerValue Name="A306" Value="86.75108956740229" />
        <RulerValue Name="A307" Value="86.75108956740229" />
        <RulerValue Name="A308" Value="86.75108956740229" />
        <RulerValue Name="A309" Value="86.75108956740229" />
        <RulerValue Name="A310" Value="86.75108956740229" />
        <RulerValue Name="A311" Value="86.75108956740229" />
        <RulerValue Name="A312" Value="86.75108956740229" />
        <RulerValue Name="A313" Value="86.75108956740229" />
        <RulerValue Name="A314" Value="86.75108956740229" />
        <RulerValue Name="A315" Value="86.75108956740229" />
        <RulerValue Name="A316" Value="86.75108956740229" />
        <RulerValue Name="A317" Value="86.75108956740229" />
        <RulerValue Name="A318" Value="86.75108956740229" />
        <RulerValue Name="A319" Value="86.75108956740229" />
        <RulerValue Name="A320" Value="86.75108956740229" />
        <RulerValue Name="A321" Value="86.75108956740229" />
        <RulerValue Name="A322" Value="86.75108956740229" />
        <RulerValue Name="A323" Value="86.75108956740229" />
        <RulerValue Name="A324" Value="86.75108956740229" />
        <RulerValue Name="A325" Value="86.75108956740229" />
        <RulerValue Name="A326" Value="86.75108956740229" />
        <RulerValue Name="A327" Value="86.75108956740229" />
        <RulerValue Name="A328" Value="86.75108956740229" />
        <RulerValue Name="A329" Value="86.75108956740229" />
        <RulerValue Name="A330" Value="86.75108956740229" />
        <RulerValue Name="A331" Value="86.75108956740229" />
        <RulerValue Name="A332" Value="86.75108956740229" />
        <RulerValue Name="A333" Value="86.75108956740229" />
        <RulerValue Name="A334" Value="86.75108956740229" />
        <RulerValue Name="A335" Value="86.75108956740229" />
        <RulerValue Name="A336" Value="86.75108956740229" />
        <RulerValue Name="A337" Value="86.75108956740229" />
        <RulerValue Name="A338" Value="86.75108956740229" />
        <RulerValue Name="A339" Value="86.75108956740229" />
        <RulerValue Name="A340" Value="86.75108956740229" />
        <RulerValue Name="A341" Value="86.75108956740229" />
        <RulerValue Name="A342" Value="86.75108956740229" />
        <RulerValue Name="A343" Value="86.75108956740229" />
        <RulerValue Name="A344" Value="86.75108956740229" />
        <RulerValue Name="A345" Value="86.75108956740229" />
        <RulerValue Name="A346" Value="86.75108956740229" />
        <RulerValue Name="A347" Value="86.75108956740229" />
        <RulerValue Name="A348" Value="86.75108956740229" />
        <RulerValue Name="A349" Value="86.75108956740229" />
        <RulerValue Name="A350" Value="86.75108956740229" />
      </Measurement>
    </Criterion>
    <Measurement Name="Criteria Weights" Type="1" DecisionMaker="Default User" SubType="0">
      <Comment />
      <RulerValue Name="C1" Value="0.3333333333333333" />
      <RulerValue Name="C2" Value="0.3333333333333333" />
      <RulerValue Name="C3" Value="0.3333333333333333" />
    </Measurement>
  </Criterion>
</Model>
